Scenario,Model,Horizon_Hours,Central Frequency 15cm,MSE,RMSE,R2,MAE,MedAE,MaxErr,residual Stdev
Scenario3_12h,Persistence,12,87.42654260528894,0.010058369373835852,0.1002914222345852,0.6844533646075405,0.08303410327565568,0.07700000000000018,0.3700000000000001,0.10029118119523792
Scenario3_12h,XGBoost,12,95.22526934378061,0.0057000083648332985,0.07549839975014899,0.8211819039067461,0.04851782850604422,0.03260204999999994,0.8342723,0.07542709458815951
Scenario3_12h,Random Forest,12,95.16405484818804,0.004728777324331162,0.06876610592676571,0.8516509268297223,0.048199763511708016,0.03440180574698576,0.40281716908575627,0.06851870898344715
Scenario3_12h,LSTM,12,82.81096963761019,0.012955754296941445,0.11382334688868292,0.5935579092963632,0.08572242456210855,0.06519875000000008,0.5099099,0.1137894548677111
Scenario3_12h,GNN,12,96.4128305582762,0.005077206797162979,0.07125452124014994,0.8407201542822711,0.055646682104913935,0.047165299999999966,0.3867935,0.0712539949899734
Scenario3_12h,Ensemble_Simple,12,96.14348677766895,0.004374454463389778,0.06613965877890343,0.8627665840955526,0.048138185590393616,0.03604423309464089,0.3443646668275583,0.06611904441355014
Scenario3_12h,Ensemble_Weighted,12,96.4128305582762,0.004131282227517941,0.06427505136145704,0.8703952739953109,0.04668664811761778,0.03512332548452263,0.36389096039479774,0.06422820009689109
Scenario3_12h,Ensemble_Stacking,12,97.89422135161607,0.0033422211239937756,0.05781194620486129,0.8951493436742174,0.043409113011783816,0.03424915782021104,0.2952290342491415,0.05781194620486129
