Scenario,Model,Horizon_Hours,Central Frequency 15cm,MSE,RMSE,R2,MAE,MedAE,MaxErr,residual Stdev
Scenario3_12h,Persistence,12,0.0,1.9353148011778751,1.3911559226693013,-198.1539155275252,1.3708376872946384,1.3243345655469383,1.8526737779945535,0.23689414570766182
Scenario3_12h,GNN,12,72.09302325581395,0.02157845049825382,0.14689605337875425,-1.220534305389807,0.1189730398747348,0.10956226730346674,0.4668203697204589,0.10394109197077142
