Scenario,Model,Horizon_Hours,Central Frequency 15cm,MSE,RMSE,R2,MAE,MedAE,MaxErr,residual Stdev
Scenario3_12h,Persistence,12,87.34223300970874,0.010091324641443113,0.1004555854168553,0.6816027716785367,0.08321997033441209,0.07799999999999985,0.3700000000000001,0.10045544008958514
Scenario3_12h,GNN,12,96.44417475728156,0.005070325101757989,0.0712062153309526,0.8400232361509261,0.05564664772531234,0.04718617105484013,0.3867935447692872,0.07120526143258066
