Scenario,Model,Horizon_Hours,Central Frequency 15cm,MSE,RMSE,R2,MAE,MedAE,MaxErr,residual Stdev
Scenario3_12h,Persistence,12,87.25514201762977,0.010117320769526351,0.10058489334649787,0.6804859700682566,0.0833192403961258,0.07799999999999985,0.3700000000000001,0.10058486479774467
Scenario3_12h,LSTM,12,97.66160626836435,0.0034032812975845067,0.058337649057744065,0.8925213357218221,0.04075392896607031,0.029869596958160383,0.42216130828857423,0.05823623616501721
