Scenario,Model,Horizon_Hours,Central Frequency 15cm,MSE,RMSE,R2,MAE,MedAE,MaxErr,residual Stdev
Scenario2_6h,Persistence,6,98.97535984386435,0.004693634032730149,0.06851010168384038,0.8513135425271929,0.05674554253134395,0.052999999999999936,0.2679335793357931,0.06851007220739538
Scenario2_6h,LSTM,6,99.73164186386924,0.0012511951028975619,0.03537223632875877,0.9603642367172476,0.02548247085404903,0.01937978935241702,0.31367157649993893,0.03488439891315174
