Scenario,Model,Horizon_Hours,Central Frequency 15cm,MSE,RMSE,R2,MAE,MedAE,MaxErr,residual Stdev
Scenario1_1h,Persistence,1,0.0,1.8804036226506997,1.371278098217389,-172.59124114400038,1.3580253939407239,1.2970003172720281,1.754441172938126,0.1901858355999245
Scenario1_1h,GNN,1,55.81395348837209,0.03399777541041027,0.1843848567817061,-2.1385368324853453,0.14820906216968863,0.1239511995315552,0.48234233951568606,0.13876409896218864
