Scenario,Model,Horizon_Hours,Central Frequency 15cm,MSE,RMSE,R2,MAE,MedAE,MaxErr,residual Stdev
Scenario1_1h,Persistence,1,99.98788025693855,0.00021112637859082293,0.014530188525646285,0.993345648753644,0.011419464307356684,0.010000000000000009,0.2679335793357931,0.014530180500983505
Scenario1_1h,GNN,1,98.81226517997818,0.003349090101760194,0.05787132365654162,0.8944422670366624,0.04580074412160946,0.04003617191314701,0.34899907398223884,0.057635307004538255
