Scenario,Model,Horizon_Hours,Central Frequency 15cm,MSE,RMSE,R2,MAE,MedAE,MaxErr,residual Stdev
Scenario1_1h,Persistence,1,99.98784490093594,0.000211372523368528,0.014538656174782042,0.993315929584058,0.01142579312021393,0.010000000000000009,0.2679335793357931,0.014538640075630486
Scenario1_1h,LSTM,1,99.9149143065516,0.000399598745577656,0.019989966122473946,0.9873637968123872,0.013284587024340166,0.009298643112182647,0.25807212543487545,0.019976620710245446
