Scenario,Model,Horizon_Hours,Central Frequency 15cm,MSE,RMSE,R2,MAE,MedAE,MaxErr,residual Stdev
Scenario1_1h,Persistence,1,99.98788025693855,0.00021112637859082293,0.014530188525646285,0.993345648753644,0.011419464307356684,0.010000000000000009,0.2679335793357931,0.014530180500983505
Scenario1_1h,XGBoost,1,99.3091746454975,0.0008484303161725911,0.02912782717904978,0.9732588918090089,0.01404716371562518,0.008274264335632386,0.46080535984039317,0.029084485893647583
Scenario1_1h,Random Forest,1,99.22433644406739,0.0006383180009014518,0.025264955984554017,0.9798812814712169,0.009455384821736253,0.005047005611909405,0.35995569395881843,0.02524165388359163
