Scenario,Horizon,Samples,Persistence_RMSE,XGBoost_RMSE,XGBoost_R2,XGBoost_Within15,XGBoost_Imp,RF_RMSE,RF_R2,RF_Within15,RF_Imp,LSTM_RMSE,LSTM_R2,LSTM_Within15,LSTM_Imp,Ensemble_RMSE,Ensemble_R2,Ensemble_Within15,Ensemble_Imp,GNN_RMSE,GNN_R2,GNN_Within15,GNN_Imp
Scenario1_1h,1,7799,9.341725790709871,10.253967856018003,0.7554318006213063,98.9229388383126,-9.765241302793704,11.109084358685346,0.7129400452498003,95.75586613668419,-18.91897287044191,18.4414526019231,0.21120846101231172,75.65273311897106,-97.11420503225834,9.820346158933768,0.7756791324707768,98.99987177843313,-5.123468392744668,,,,
Scenario1_1h,1,7799,9.341725790709871,10.253967856018003,0.7554318006213063,98.9229388383126,-9.765241302793704,11.109084358685346,0.7129400452498003,95.75586613668419,-18.91897287044191,18.4414526019231,0.21120846101231172,75.65273311897106,-97.11420503225834,9.820346158933768,0.7756791324707768,98.99987177843313,-5.123468392744668,,,,
Scenario2_6h,6,7794,23.816702854781962,22.976626191997948,-0.22721320710572512,75.03207595586349,3.5272584450762534,27.39275347758683,-0.7442907635330775,57.37746984860149,-15.01488532904487,39.67088513712555,-2.6478968519128605,13.655083655083654,-66.34346860247038,23.22055505985128,-0.2534086762443686,74.90377213240954,2.5030660144923833,,,,
Scenario2_6h,6,7794,23.816702854781962,22.976626191997948,-0.22721320710572512,75.03207595586349,3.5272584450762534,27.39275347758683,-0.7442907635330775,57.37746984860149,-15.01488532904487,39.67088513712555,-2.6478968519128605,13.655083655083654,-66.34346860247038,23.22055505985128,-0.2534086762443686,74.90377213240954,2.5030660144923833,,,,
Scenario3_12h,12,7788,25.12315732855069,24.19549815630076,-0.35993867597714746,62.94298921417566,3.6924466145650814,22.282293114167235,-0.15337346221576764,77.51669234720082,11.307751558579039,21.573496777033423,-0.07820822352962775,72.46264811952602,14.229129804020236,22.138548213513598,-0.13854044790798126,71.66153055983564,11.879912528531166,,,,
Scenario3_12h,12,7788,25.12315732855069,24.19549815630076,-0.35993867597714746,62.94298921417566,3.6924466145650814,22.282293114167235,-0.15337346221576764,77.51669234720082,11.307751558579039,21.573496777033423,-0.07820822352962775,72.46264811952602,14.229129804020236,22.138548213513598,-0.13854044790798126,71.66153055983564,11.879912528531166,,,,
