Scenario,Model,Horizon_Hours,Central Frequency 15cm,MSE,RMSE,R2,MAE,MedAE,MaxErr,residual Stdev
Scenario3_12h,Persistence,12,96.12403100775194,0.006751844961240312,0.08216961093518887,0.3052001874592122,0.0692248062015504,0.06600000000000006,0.15799999999999992,0.0808303074932823
Scenario3_12h,XGBoost,12,100.0,0.004248031675175623,0.06517692594143745,0.5628555411857152,0.05467984007751938,0.0500467,0.13992024999999997,0.06359009504799315
Scenario3_12h,Random Forest,12,100.0,0.003971590884388116,0.0630205592198936,0.5913027301718947,0.05341164485148285,0.049757216539904725,0.136647466445162,0.06206965807242643
Scenario3_12h,LSTM,12,80.62015503875969,0.010634119338133569,0.10312186644031211,-0.0943059512009723,0.07496844263565894,0.04612130000000003,0.2265049,0.0832165481071387
Scenario3_12h,GNN,12,72.09302325581395,0.02157845142630431,0.14689605653762225,-1.2205344008910086,0.11897304178294574,0.1095623,0.4668204,0.10394109354322922
Scenario3_12h,Ensemble_Simple,12,98.44961240310077,0.003866100959336346,0.0621779780898056,0.6021581897642974,0.04569072542928891,0.029781476702003484,0.17695293592853278,0.05147603640085096
Scenario3_12h,Ensemble_Weighted,12,100.0,0.0028507244270395073,0.05339217570992502,0.7066456933056349,0.04363643660057028,0.037902598373859675,0.13255653112098076,0.05232814912879855
Scenario3_12h,Ensemble_Stacking,12,99.2248062015504,0.0029620532085034633,0.054424748125310264,0.6951893851505166,0.04424160041075658,0.03800528872628062,0.15156609581983482,0.054424748125310264
