Scenario,Model,Horizon_Hours,Central Frequency 15cm,MSE,RMSE,R2,MAE,MedAE,MaxErr,residual Stdev
Scenario2_6h,Persistence,6,98.97535984386435,0.004675834081522538,0.06838007079202638,0.8530903168313417,0.05663697946718195,0.052999999999999936,0.2679335793357931,0.06838003727922727
Scenario2_6h,XGBoost,6,97.88972920224445,0.0028428301968888396,0.053318197614781015,0.9106813295241556,0.03164987761885414,0.020469600000000032,0.9433231,0.05330393558242333
Scenario2_6h,Random Forest,6,98.13369114418151,0.0030504915904656393,0.055231255557570295,0.9041568316474483,0.033698784960314185,0.022413404679133997,0.6085811951147684,0.055146924658540215
Scenario2_6h,LSTM,6,89.16808977799462,0.009975205847849,0.09987595230008572,0.6865897495292508,0.0714823899189596,0.05208535000000003,0.6223052,0.099654135748847
Scenario2_6h,GNN,6,97.93852159063186,0.00401214451366014,0.06334149124910259,0.8739427299916607,0.04997473955817865,0.04344615000000007,0.3525906000000001,0.06329997225065459
Scenario2_6h,Ensemble_Simple,6,98.13369114418151,0.0026366706125580345,0.05134852103574196,0.9171586421678838,0.03592502378644003,0.026587788993890915,0.3815963078036102,0.05130303013977608
Scenario2_6h,Ensemble_Weighted,6,98.42644547450597,0.0023343241242512526,0.04831484372582874,0.9266580439922194,0.03311200704614084,0.024483997405658098,0.3828950404434688,0.04830172944676224
Scenario2_6h,Ensemble_Stacking,6,98.92656745547694,0.002012810330233692,0.04486435478454685,0.9367596619688121,0.03177458944977119,0.02393573122091619,0.439261872231022,0.044864354784546846
