Scenario,Model,Horizon_Hours,Central Frequency 15cm,MSE,RMSE,R2,MAE,MedAE,MaxErr,residual Stdev
Scenario2_6h,Persistence,6,0.0,1.910835963075051,1.3823299038489514,-186.75693737235454,1.3663133901304916,1.3214500924895611,1.7985782717272025,0.20981821423597716
Scenario2_6h,GNN,6,65.89147286821705,0.0228261554603469,0.15108327326460366,-1.2428764813087474,0.12052078084797824,0.09887037658691411,0.4351048736572265,0.11185276837591135
