Scenario,Model,Horizon_Hours,Central Frequency 15cm,MSE,RMSE,R2,MAE,MedAE,MaxErr,residual Stdev
Scenario2_6h,Persistence,6,98.98132427843804,0.004685547271443338,0.06845105748959134,0.8522104284499991,0.056727014027644636,0.052999999999999936,0.2679335793357931,0.06845102085182471
Scenario2_6h,GNN,6,97.9505214649527,0.004007402076845338,0.06330404471157698,0.8736002004344054,0.04997247659152499,0.0435234260559082,0.3525906114578248,0.0632636148034411
