Scenario,Model,Horizon_Hours,Central Frequency 15cm,MSE,RMSE,R2,MAE,MedAE,MaxErr,residual Stdev
Scenario1_1h,Persistence,1,99.98784490093594,0.00021095536036864958,0.014524302405576991,0.9933639308607883,0.011412422511243466,0.010000000000000009,0.2679335793357931,0.01452428872578078
Scenario1_1h,XGBoost,1,99.30715935334872,0.0008505068523284408,0.029163450624513566,0.9732454190044674,0.014059816184143174,0.008274399999999904,0.46080540000000014,0.029119683998135287
Scenario1_1h,Random Forest,1,99.22207365990032,0.0006399773520597457,0.025297773658164976,0.9798680917689105,0.00946522516804557,0.005047005611909405,0.35995569395881843,0.025274280393018215
Scenario1_1h,LSTM,1,96.01312750698918,0.004565677989546617,0.06756980086952023,0.8563764639444978,0.04689869899928434,0.033071799999999874,0.46785410000000005,0.06755838212328465
Scenario1_1h,GNN,1,98.80880029172238,0.0033467409113535997,0.057851023425291276,0.8947208355362026,0.04576551920680312,0.039986899999999936,0.3489991000000001,0.05761455033418269
Scenario1_1h,Ensemble_Simple,1,99.50164093837365,0.0009459350188306933,0.030756056620293397,0.9702435141956467,0.01998974307041654,0.014111803230129949,0.31596037082570194,0.030710815359470046
Scenario1_1h,Ensemble_Weighted,1,99.40440014586119,0.0006013162249790562,0.0245217500390787,0.9810842633412231,0.011572134498894607,0.007344890120497771,0.3648185642261601,0.024464728158704086
Scenario1_1h,Ensemble_Stacking,1,99.55026133462988,0.0004919928512719682,0.022180911867458655,0.9845232727372598,0.011445698401755314,0.00771299838223416,0.3226817192200473,0.022180911867458655
